{
  "exportedBy": null,
  "bundleHash": null,
  "version": "1.0.0.0",
  "jitAssemblyCompilerCommands": [
    {
      "providerName": "CustomEntities",
      "bundleOptions": {
        "hash": "O+Nj4YHQMgZwIF9LjLpxdqvZEkB/mvlbBz1GlQAbd3Xs8mFKJ0BoAa3xPJVpdLP7Y7eyrwu+6+gUC+bG3wO7rA==",
        "bundleName": "C297DD35BAA_v1_sub_chat_sub_completion_Create",
        "entitiesBundle": {
          "Types": {
            "message": {
              "name": "message",
              "properties": [
                {
                  "name": "content",
                  "type": {
                    "ClrType": "System.String, System.Private.CoreLib"
                  }
                },
                {
                  "name": "role",
                  "type": {
                    "ClrType": "System.String, System.Private.CoreLib"
                  }
                }
              ],
              "baseType": null
            },
            "choices": {
              "name": "choices",
              "properties": [
                {
                  "name": "message",
                  "type": {
                    "definitionName": "message"
                  }
                },
                {
                  "name": "index",
                  "type": {
                    "ClrType": "System.Nullable`1[[System.Int64, System.Private.CoreLib]], System.Private.CoreLib"
                  }
                },
                {
                  "name": "finish_reason",
                  "type": {
                    "ClrType": "System.String, System.Private.CoreLib"
                  }
                }
              ],
              "baseType": null
            },
            "usage": {
              "name": "usage",
              "properties": [
                {
                  "name": "total_tokens",
                  "type": {
                    "ClrType": "System.Nullable`1[[System.Int64, System.Private.CoreLib]], System.Private.CoreLib"
                  }
                },
                {
                  "name": "prompt_tokens",
                  "type": {
                    "ClrType": "System.Nullable`1[[System.Int64, System.Private.CoreLib]], System.Private.CoreLib"
                  }
                },
                {
                  "name": "completion_tokens",
                  "type": {
                    "ClrType": "System.Nullable`1[[System.Int64, System.Private.CoreLib]], System.Private.CoreLib"
                  }
                }
              ],
              "baseType": null
            },
            "v1_sub_chat_sub_completion_Create": {
              "name": "v1_sub_chat_sub_completion_Create",
              "properties": [
                {
                  "name": "choices",
                  "type": {
                    "definitionName": "choices"
                  },
                  "isCollection": true,
                  "collectionGenericType": {
                    "ClrType": "System.Collections.Generic.List`1, System.Private.CoreLib"
                  }
                },
                {
                  "name": "usage",
                  "type": {
                    "definitionName": "usage"
                  }
                },
                {
                  "name": "created",
                  "type": {
                    "ClrType": "System.Nullable`1[[System.Int64, System.Private.CoreLib]], System.Private.CoreLib"
                  }
                },
                {
                  "name": "model",
                  "type": {
                    "ClrType": "System.String, System.Private.CoreLib"
                  }
                },
                {
                  "name": "id",
                  "type": {
                    "ClrType": "System.String, System.Private.CoreLib"
                  }
                },
                {
                  "name": "text",
                  "type": {
                    "ClrType": "System.String, System.Private.CoreLib"
                  },
                  "attributes": {
                    "values": [
                      {
                        "Type": {
                          "ClrType": "System.ComponentModel.CategoryAttribute, System.ComponentModel.Primitives"
                        },
                        "constructorArguments": [
                          {
                            "Value": "\"Simplified\"",
                            "type": {
                              "ClrType": "System.String, System.Private.CoreLib"
                            }
                          }
                        ],
                        "namedArguments": []
                      },
                      {
                        "Type": {
                          "ClrType": "System.ComponentModel.DataAnnotations.DisplayAttribute, System.ComponentModel.Annotations"
                        },
                        "constructorArguments": [],
                        "namedArguments": [
                          {
                            "name": "Order",
                            "value": {
                              "Value": "16",
                              "type": {
                                "ClrType": "System.Int32, System.Private.CoreLib"
                              }
                            }
                          }
                        ]
                      }
                    ]
                  }
                },
                {
                  "name": "_object",
                  "type": {
                    "ClrType": "System.String, System.Private.CoreLib"
                  },
                  "attributes": {
                    "values": [
                      {
                        "Type": {
                          "ClrType": "Newtonsoft.Json.JsonPropertyAttribute, Newtonsoft.Json"
                        },
                        "constructorArguments": [],
                        "namedArguments": [
                          {
                            "name": "PropertyName",
                            "value": {
                              "Value": "\"object\"",
                              "type": {
                                "ClrType": "System.String, System.Private.CoreLib"
                              }
                            }
                          }
                        ]
                      }
                    ]
                  }
                },
                {
                  "name": "totalTokens",
                  "type": {
                    "ClrType": "System.Nullable`1[[System.Int64, System.Private.CoreLib]], System.Private.CoreLib"
                  }
                },
                {
                  "name": "completionTokens",
                  "type": {
                    "ClrType": "System.Nullable`1[[System.Int64, System.Private.CoreLib]], System.Private.CoreLib"
                  }
                },
                {
                  "name": "promptTokens",
                  "type": {
                    "ClrType": "System.Nullable`1[[System.Int64, System.Private.CoreLib]], System.Private.CoreLib"
                  }
                }
              ],
              "baseType": null
            }
          },
          "version": 1
        }
      },
      "entityAssemblyKey": {
        "name": "UiPath.IntegrationService.Activities.SWEntities.C297DD35BAA_v1_sub_chat_sub_completion_Create",
        "hash": "TytOajRZSFFNZ1p3SUY5TGpMcHhkcXZaRWtCL212bGJCejFHbFFBYmQzWHM4bUZLSjBCb0FhM3hQSlZwZExQN1k3ZXlyd3UrNitnVUMrYkczd083ckE9PQ",
        "assemblyName": "C297DD35BAA_v1_sub_c.ZbJrUukzKL1SSHOa1cDBPK2"
      }
    },
    {
      "providerName": "CustomEntities",
      "bundleOptions": {
        "hash": "2Rfud78a0iSQIOTpoP1UbUovK+mL5/E8GpAWQVgoeASshF2MCmSzuwFEFIUCgHTzHqN5XMECr3qQ8VHOj9xeVA==",
        "bundleName": "C228A91D6AD_Messages_Create",
        "entitiesBundle": {
          "Types": {
            "subresource_uris": {
              "name": "subresource_uris",
              "properties": [
                {
                  "name": "media",
                  "type": {
                    "ClrType": "System.String, System.Private.CoreLib"
                  }
                }
              ],
              "baseType": null
            },
            "Messages_Create": {
              "name": "Messages_Create",
              "properties": [
                {
                  "name": "subresource_uris",
                  "type": {
                    "definitionName": "subresource_uris"
                  }
                },
                {
                  "name": "account_sid",
                  "type": {
                    "ClrType": "System.String, System.Private.CoreLib"
                  }
                },
                {
                  "name": "api_version",
                  "type": {
                    "ClrType": "System.Nullable`1[[System.DateTimeOffset, System.Private.CoreLib]], System.Private.CoreLib"
                  },
                  "attributes": {
                    "values": [
                      {
                        "Type": {
                          "ClrType": "Newtonsoft.Json.JsonConverterAttribute, Newtonsoft.Json"
                        },
                        "constructorArguments": [
                          {
                            "Value": "{\r\n  \"ClrType\": \"UiPath.IntegrationService.Activities.Runtime.Helpers.DateTimeOffsetMaskDeserializer, UiPath.IntegrationService.Activities.Runtime\"\r\n}",
                            "type": {
                              "ClrType": "System.Activities.DesignViewModels.EntityTypeReference, System.Activities.ViewModels"
                            }
                          },
                          {
                            "Value": "\"yyyy-MM-dd\"",
                            "type": {
                              "ClrType": "System.String, System.Private.CoreLib"
                            }
                          }
                        ],
                        "namedArguments": []
                      }
                    ]
                  }
                },
                {
                  "name": "body",
                  "type": {
                    "ClrType": "System.String, System.Private.CoreLib"
                  },
                  "attributes": {
                    "values": [
                      {
                        "Type": {
                          "ClrType": "System.ComponentModel.CategoryAttribute, System.ComponentModel.Primitives"
                        },
                        "constructorArguments": [
                          {
                            "Value": "\"Simplified\"",
                            "type": {
                              "ClrType": "System.String, System.Private.CoreLib"
                            }
                          }
                        ],
                        "namedArguments": []
                      },
                      {
                        "Type": {
                          "ClrType": "System.ComponentModel.DataAnnotations.DisplayAttribute, System.ComponentModel.Annotations"
                        },
                        "constructorArguments": [],
                        "namedArguments": [
                          {
                            "name": "Order",
                            "value": {
                              "Value": "3",
                              "type": {
                                "ClrType": "System.Int32, System.Private.CoreLib"
                              }
                            }
                          }
                        ]
                      }
                    ]
                  }
                },
                {
                  "name": "date_created",
                  "type": {
                    "ClrType": "System.Nullable`1[[System.DateTimeOffset, System.Private.CoreLib]], System.Private.CoreLib"
                  },
                  "attributes": {
                    "values": [
                      {
                        "Type": {
                          "ClrType": "Newtonsoft.Json.JsonConverterAttribute, Newtonsoft.Json"
                        },
                        "constructorArguments": [
                          {
                            "Value": "{\r\n  \"ClrType\": \"UiPath.IntegrationService.Activities.Runtime.Helpers.DateTimeOffsetMaskDeserializer, UiPath.IntegrationService.Activities.Runtime\"\r\n}",
                            "type": {
                              "ClrType": "System.Activities.DesignViewModels.EntityTypeReference, System.Activities.ViewModels"
                            }
                          },
                          {
                            "Value": "\"EEE, dd MMM yyyy HH:mm:ss Z\"",
                            "type": {
                              "ClrType": "System.String, System.Private.CoreLib"
                            }
                          }
                        ],
                        "namedArguments": []
                      }
                    ]
                  }
                },
                {
                  "name": "date_sent",
                  "type": {
                    "ClrType": "System.Nullable`1[[System.DateTimeOffset, System.Private.CoreLib]], System.Private.CoreLib"
                  },
                  "attributes": {
                    "values": [
                      {
                        "Type": {
                          "ClrType": "Newtonsoft.Json.JsonConverterAttribute, Newtonsoft.Json"
                        },
                        "constructorArguments": [
                          {
                            "Value": "{\r\n  \"ClrType\": \"UiPath.IntegrationService.Activities.Runtime.Helpers.DateTimeOffsetMaskDeserializer, UiPath.IntegrationService.Activities.Runtime\"\r\n}",
                            "type": {
                              "ClrType": "System.Activities.DesignViewModels.EntityTypeReference, System.Activities.ViewModels"
                            }
                          },
                          {
                            "Value": "\"EEE, dd MMM yyyy HH:mm:ss Z\"",
                            "type": {
                              "ClrType": "System.String, System.Private.CoreLib"
                            }
                          }
                        ],
                        "namedArguments": []
                      }
                    ]
                  }
                },
                {
                  "name": "date_updated",
                  "type": {
                    "ClrType": "System.Nullable`1[[System.DateTimeOffset, System.Private.CoreLib]], System.Private.CoreLib"
                  },
                  "attributes": {
                    "values": [
                      {
                        "Type": {
                          "ClrType": "Newtonsoft.Json.JsonConverterAttribute, Newtonsoft.Json"
                        },
                        "constructorArguments": [
                          {
                            "Value": "{\r\n  \"ClrType\": \"UiPath.IntegrationService.Activities.Runtime.Helpers.DateTimeOffsetMaskDeserializer, UiPath.IntegrationService.Activities.Runtime\"\r\n}",
                            "type": {
                              "ClrType": "System.Activities.DesignViewModels.EntityTypeReference, System.Activities.ViewModels"
                            }
                          },
                          {
                            "Value": "\"EEE, dd MMM yyyy HH:mm:ss Z\"",
                            "type": {
                              "ClrType": "System.String, System.Private.CoreLib"
                            }
                          }
                        ],
                        "namedArguments": []
                      }
                    ]
                  }
                },
                {
                  "name": "direction",
                  "type": {
                    "ClrType": "System.String, System.Private.CoreLib"
                  }
                },
                {
                  "name": "error_code",
                  "type": {
                    "ClrType": "System.Nullable`1[[System.Int32, System.Private.CoreLib]], System.Private.CoreLib"
                  }
                },
                {
                  "name": "error_message",
                  "type": {
                    "ClrType": "System.String, System.Private.CoreLib"
                  }
                },
                {
                  "name": "from",
                  "type": {
                    "ClrType": "System.String, System.Private.CoreLib"
                  },
                  "attributes": {
                    "values": [
                      {
                        "Type": {
                          "ClrType": "System.ComponentModel.CategoryAttribute, System.ComponentModel.Primitives"
                        },
                        "constructorArguments": [
                          {
                            "Value": "\"Simplified\"",
                            "type": {
                              "ClrType": "System.String, System.Private.CoreLib"
                            }
                          }
                        ],
                        "namedArguments": []
                      },
                      {
                        "Type": {
                          "ClrType": "System.ComponentModel.DataAnnotations.DisplayAttribute, System.ComponentModel.Annotations"
                        },
                        "constructorArguments": [],
                        "namedArguments": [
                          {
                            "name": "Order",
                            "value": {
                              "Value": "2",
                              "type": {
                                "ClrType": "System.Int32, System.Private.CoreLib"
                              }
                            }
                          }
                        ]
                      }
                    ]
                  }
                },
                {
                  "name": "messaging_service_sid",
                  "type": {
                    "ClrType": "System.String, System.Private.CoreLib"
                  }
                },
                {
                  "name": "num_media",
                  "type": {
                    "ClrType": "System.String, System.Private.CoreLib"
                  }
                },
                {
                  "name": "num_segments",
                  "type": {
                    "ClrType": "System.String, System.Private.CoreLib"
                  }
                },
                {
                  "name": "price",
                  "type": {
                    "ClrType": "System.String, System.Private.CoreLib"
                  }
                },
                {
                  "name": "price_unit",
                  "type": {
                    "ClrType": "System.String, System.Private.CoreLib"
                  }
                },
                {
                  "name": "sid",
                  "type": {
                    "ClrType": "System.String, System.Private.CoreLib"
                  }
                },
                {
                  "name": "status",
                  "type": {
                    "ClrType": "System.String, System.Private.CoreLib"
                  }
                },
                {
                  "name": "_to",
                  "type": {
                    "ClrType": "System.String, System.Private.CoreLib"
                  },
                  "attributes": {
                    "values": [
                      {
                        "Type": {
                          "ClrType": "Newtonsoft.Json.JsonPropertyAttribute, Newtonsoft.Json"
                        },
                        "constructorArguments": [],
                        "namedArguments": [
                          {
                            "name": "PropertyName",
                            "value": {
                              "Value": "\"to\"",
                              "type": {
                                "ClrType": "System.String, System.Private.CoreLib"
                              }
                            }
                          }
                        ]
                      },
                      {
                        "Type": {
                          "ClrType": "System.ComponentModel.CategoryAttribute, System.ComponentModel.Primitives"
                        },
                        "constructorArguments": [
                          {
                            "Value": "\"Simplified\"",
                            "type": {
                              "ClrType": "System.String, System.Private.CoreLib"
                            }
                          }
                        ],
                        "namedArguments": []
                      },
                      {
                        "Type": {
                          "ClrType": "System.ComponentModel.DataAnnotations.DisplayAttribute, System.ComponentModel.Annotations"
                        },
                        "constructorArguments": [],
                        "namedArguments": [
                          {
                            "name": "Order",
                            "value": {
                              "Value": "1",
                              "type": {
                                "ClrType": "System.Int32, System.Private.CoreLib"
                              }
                            }
                          }
                        ]
                      }
                    ]
                  }
                },
                {
                  "name": "uri",
                  "type": {
                    "ClrType": "System.String, System.Private.CoreLib"
                  }
                }
              ],
              "baseType": null
            }
          },
          "version": 1
        }
      },
      "entityAssemblyKey": {
        "name": "UiPath.IntegrationService.Activities.SWEntities.C228A91D6AD_Messages_Create",
        "hash": "MlJmdWQ3OGEwaVNRSU9UcG9QMVViVW92SyttTDUvRThHcEFXUVZnb2VBU3NoRjJNQ21TenV3RkVGSVVDZ0hUekhxTjVYTUVDcjNxUThWSE9qOXhlVkE9PQ",
        "assemblyName": "C228A91D6AD_Messages.J4aZX4y3tTB1ifM2ZfNTpU4"
      }
    },
    {
      "providerName": "CustomEntities",
      "bundleOptions": {
        "hash": "qtPjSP9Ap/eeXAC1HXCMkoRzd3MKuQOiMGtn2KcSn1IUSHHobybZbs4sFaRyLoEvzhG89KLoVUhtdRFicrmf0A==",
        "bundleName": "C228A91D6AD_Calls_Create",
        "entitiesBundle": {
          "Types": {
            "subresource_uris": {
              "name": "subresource_uris",
              "properties": [
                {
                  "name": "events",
                  "type": {
                    "ClrType": "System.String, System.Private.CoreLib"
                  }
                },
                {
                  "name": "feedback",
                  "type": {
                    "ClrType": "System.String, System.Private.CoreLib"
                  }
                },
                {
                  "name": "feedback_summaries",
                  "type": {
                    "ClrType": "System.String, System.Private.CoreLib"
                  }
                },
                {
                  "name": "notifications",
                  "type": {
                    "ClrType": "System.String, System.Private.CoreLib"
                  }
                },
                {
                  "name": "payments",
                  "type": {
                    "ClrType": "System.String, System.Private.CoreLib"
                  }
                },
                {
                  "name": "recordings",
                  "type": {
                    "ClrType": "System.String, System.Private.CoreLib"
                  }
                },
                {
                  "name": "siprec",
                  "type": {
                    "ClrType": "System.String, System.Private.CoreLib"
                  }
                }
              ],
              "baseType": null
            },
            "Calls_Create": {
              "name": "Calls_Create",
              "properties": [
                {
                  "name": "subresource_uris",
                  "type": {
                    "definitionName": "subresource_uris"
                  }
                },
                {
                  "name": "account_sid",
                  "type": {
                    "ClrType": "System.String, System.Private.CoreLib"
                  }
                },
                {
                  "name": "annotation",
                  "type": {
                    "ClrType": "System.String, System.Private.CoreLib"
                  }
                },
                {
                  "name": "answered_by",
                  "type": {
                    "ClrType": "System.String, System.Private.CoreLib"
                  }
                },
                {
                  "name": "api_version",
                  "type": {
                    "ClrType": "System.Nullable`1[[System.DateTimeOffset, System.Private.CoreLib]], System.Private.CoreLib"
                  },
                  "attributes": {
                    "values": [
                      {
                        "Type": {
                          "ClrType": "Newtonsoft.Json.JsonConverterAttribute, Newtonsoft.Json"
                        },
                        "constructorArguments": [
                          {
                            "Value": "{\r\n  \"ClrType\": \"UiPath.IntegrationService.Activities.Runtime.Helpers.DateTimeOffsetMaskDeserializer, UiPath.IntegrationService.Activities.Runtime\"\r\n}",
                            "type": {
                              "ClrType": "System.Activities.DesignViewModels.EntityTypeReference, System.Activities.ViewModels"
                            }
                          },
                          {
                            "Value": "\"yyyy-MM-dd\"",
                            "type": {
                              "ClrType": "System.String, System.Private.CoreLib"
                            }
                          }
                        ],
                        "namedArguments": []
                      }
                    ]
                  }
                },
                {
                  "name": "caller_name",
                  "type": {
                    "ClrType": "System.String, System.Private.CoreLib"
                  }
                },
                {
                  "name": "date_created",
                  "type": {
                    "ClrType": "System.Nullable`1[[System.DateTimeOffset, System.Private.CoreLib]], System.Private.CoreLib"
                  },
                  "attributes": {
                    "values": [
                      {
                        "Type": {
                          "ClrType": "Newtonsoft.Json.JsonConverterAttribute, Newtonsoft.Json"
                        },
                        "constructorArguments": [
                          {
                            "Value": "{\r\n  \"ClrType\": \"UiPath.IntegrationService.Activities.Runtime.Helpers.DateTimeOffsetMaskDeserializer, UiPath.IntegrationService.Activities.Runtime\"\r\n}",
                            "type": {
                              "ClrType": "System.Activities.DesignViewModels.EntityTypeReference, System.Activities.ViewModels"
                            }
                          },
                          {
                            "Value": "\"EEE, dd MMM yyyy HH:mm:ss Z\"",
                            "type": {
                              "ClrType": "System.String, System.Private.CoreLib"
                            }
                          }
                        ],
                        "namedArguments": []
                      }
                    ]
                  }
                },
                {
                  "name": "date_updated",
                  "type": {
                    "ClrType": "System.Nullable`1[[System.DateTimeOffset, System.Private.CoreLib]], System.Private.CoreLib"
                  },
                  "attributes": {
                    "values": [
                      {
                        "Type": {
                          "ClrType": "Newtonsoft.Json.JsonConverterAttribute, Newtonsoft.Json"
                        },
                        "constructorArguments": [
                          {
                            "Value": "{\r\n  \"ClrType\": \"UiPath.IntegrationService.Activities.Runtime.Helpers.DateTimeOffsetMaskDeserializer, UiPath.IntegrationService.Activities.Runtime\"\r\n}",
                            "type": {
                              "ClrType": "System.Activities.DesignViewModels.EntityTypeReference, System.Activities.ViewModels"
                            }
                          },
                          {
                            "Value": "\"EEE, dd MMM yyyy HH:mm:ss Z\"",
                            "type": {
                              "ClrType": "System.String, System.Private.CoreLib"
                            }
                          }
                        ],
                        "namedArguments": []
                      }
                    ]
                  }
                },
                {
                  "name": "direction",
                  "type": {
                    "ClrType": "System.String, System.Private.CoreLib"
                  }
                },
                {
                  "name": "duration",
                  "type": {
                    "ClrType": "System.String, System.Private.CoreLib"
                  }
                },
                {
                  "name": "end_time",
                  "type": {
                    "ClrType": "System.Nullable`1[[System.DateTimeOffset, System.Private.CoreLib]], System.Private.CoreLib"
                  },
                  "attributes": {
                    "values": [
                      {
                        "Type": {
                          "ClrType": "Newtonsoft.Json.JsonConverterAttribute, Newtonsoft.Json"
                        },
                        "constructorArguments": [
                          {
                            "Value": "{\r\n  \"ClrType\": \"UiPath.IntegrationService.Activities.Runtime.Helpers.DateTimeOffsetMaskDeserializer, UiPath.IntegrationService.Activities.Runtime\"\r\n}",
                            "type": {
                              "ClrType": "System.Activities.DesignViewModels.EntityTypeReference, System.Activities.ViewModels"
                            }
                          },
                          {
                            "Value": "\"EEE, dd MMM yyyy HH:mm:ss Z\"",
                            "type": {
                              "ClrType": "System.String, System.Private.CoreLib"
                            }
                          }
                        ],
                        "namedArguments": []
                      }
                    ]
                  }
                },
                {
                  "name": "forwarded_from",
                  "type": {
                    "ClrType": "System.String, System.Private.CoreLib"
                  }
                },
                {
                  "name": "from",
                  "type": {
                    "ClrType": "System.String, System.Private.CoreLib"
                  },
                  "attributes": {
                    "values": [
                      {
                        "Type": {
                          "ClrType": "System.ComponentModel.CategoryAttribute, System.ComponentModel.Primitives"
                        },
                        "constructorArguments": [
                          {
                            "Value": "\"Simplified\"",
                            "type": {
                              "ClrType": "System.String, System.Private.CoreLib"
                            }
                          }
                        ],
                        "namedArguments": []
                      },
                      {
                        "Type": {
                          "ClrType": "System.ComponentModel.DataAnnotations.DisplayAttribute, System.ComponentModel.Annotations"
                        },
                        "constructorArguments": [],
                        "namedArguments": [
                          {
                            "name": "Order",
                            "value": {
                              "Value": "2",
                              "type": {
                                "ClrType": "System.Int32, System.Private.CoreLib"
                              }
                            }
                          }
                        ]
                      }
                    ]
                  }
                },
                {
                  "name": "from_formatted",
                  "type": {
                    "ClrType": "System.String, System.Private.CoreLib"
                  }
                },
                {
                  "name": "group_sid",
                  "type": {
                    "ClrType": "System.String, System.Private.CoreLib"
                  }
                },
                {
                  "name": "parent_call_sid",
                  "type": {
                    "ClrType": "System.String, System.Private.CoreLib"
                  }
                },
                {
                  "name": "phone_number_sid",
                  "type": {
                    "ClrType": "System.String, System.Private.CoreLib"
                  }
                },
                {
                  "name": "price",
                  "type": {
                    "ClrType": "System.String, System.Private.CoreLib"
                  }
                },
                {
                  "name": "price_unit",
                  "type": {
                    "ClrType": "System.String, System.Private.CoreLib"
                  }
                },
                {
                  "name": "queue_time",
                  "type": {
                    "ClrType": "System.String, System.Private.CoreLib"
                  }
                },
                {
                  "name": "sid",
                  "type": {
                    "ClrType": "System.String, System.Private.CoreLib"
                  }
                },
                {
                  "name": "start_time",
                  "type": {
                    "ClrType": "System.Nullable`1[[System.DateTimeOffset, System.Private.CoreLib]], System.Private.CoreLib"
                  },
                  "attributes": {
                    "values": [
                      {
                        "Type": {
                          "ClrType": "Newtonsoft.Json.JsonConverterAttribute, Newtonsoft.Json"
                        },
                        "constructorArguments": [
                          {
                            "Value": "{\r\n  \"ClrType\": \"UiPath.IntegrationService.Activities.Runtime.Helpers.DateTimeOffsetMaskDeserializer, UiPath.IntegrationService.Activities.Runtime\"\r\n}",
                            "type": {
                              "ClrType": "System.Activities.DesignViewModels.EntityTypeReference, System.Activities.ViewModels"
                            }
                          },
                          {
                            "Value": "\"EEE, dd MMM yyyy HH:mm:ss Z\"",
                            "type": {
                              "ClrType": "System.String, System.Private.CoreLib"
                            }
                          }
                        ],
                        "namedArguments": []
                      }
                    ]
                  }
                },
                {
                  "name": "status",
                  "type": {
                    "ClrType": "System.String, System.Private.CoreLib"
                  }
                },
                {
                  "name": "_to",
                  "type": {
                    "ClrType": "System.String, System.Private.CoreLib"
                  },
                  "attributes": {
                    "values": [
                      {
                        "Type": {
                          "ClrType": "Newtonsoft.Json.JsonPropertyAttribute, Newtonsoft.Json"
                        },
                        "constructorArguments": [],
                        "namedArguments": [
                          {
                            "name": "PropertyName",
                            "value": {
                              "Value": "\"to\"",
                              "type": {
                                "ClrType": "System.String, System.Private.CoreLib"
                              }
                            }
                          }
                        ]
                      },
                      {
                        "Type": {
                          "ClrType": "System.ComponentModel.CategoryAttribute, System.ComponentModel.Primitives"
                        },
                        "constructorArguments": [
                          {
                            "Value": "\"Simplified\"",
                            "type": {
                              "ClrType": "System.String, System.Private.CoreLib"
                            }
                          }
                        ],
                        "namedArguments": []
                      },
                      {
                        "Type": {
                          "ClrType": "System.ComponentModel.DataAnnotations.DisplayAttribute, System.ComponentModel.Annotations"
                        },
                        "constructorArguments": [],
                        "namedArguments": [
                          {
                            "name": "Order",
                            "value": {
                              "Value": "1",
                              "type": {
                                "ClrType": "System.Int32, System.Private.CoreLib"
                              }
                            }
                          }
                        ]
                      }
                    ]
                  }
                },
                {
                  "name": "to_formatted",
                  "type": {
                    "ClrType": "System.String, System.Private.CoreLib"
                  }
                },
                {
                  "name": "trunk_sid",
                  "type": {
                    "ClrType": "System.String, System.Private.CoreLib"
                  }
                },
                {
                  "name": "uri",
                  "type": {
                    "ClrType": "System.String, System.Private.CoreLib"
                  }
                }
              ],
              "baseType": null
            }
          },
          "version": 1
        }
      },
      "entityAssemblyKey": {
        "name": "UiPath.IntegrationService.Activities.SWEntities.C228A91D6AD_Calls_Create",
        "hash": "cXRQalNQOUFwL2VlWEFDMUhYQ01rb1J6ZDNNS3VRT2lNR3RuMktjU24xSVVTSEhvYnliWmJzNHNGYVJ5TG9FdnpoRzg5S0xvVlVodGRSRmljcm1mMEE9PQ",
        "assemblyName": "C228A91D6AD_Calls_Cr.bYlKJ1XlazB1EuoG13Xrc6Y1"
      }
    }
  ]
}