{
  "assemblyStates": {
    "C297DD35BAA_v2_sub_g.GstPP4UCJlC1DiIMF4fY6gf4": {
      "namespace": "UiPath.IntegrationService.Activities.SWEntities.C297DD35BAA_v2_sub_generateChatCompletion_Create.Bundle",
      "providerName": "CustomEntities",
      "key": {
        "name": "UiPath.IntegrationService.Activities.SWEntities.C297DD35BAA_v2_sub_generateChatCompletion_Create",
        "hash": "WURZQ0EydURWdHVvSVJpeXlsS2RvRGlMeDdnNncxUGI5N05EQlIzRzg5TFNBaHpJNjdvb2d2NDU4eHN2R3l6YWsxWDFodEJ3Y1BETGlmVUtSckFrRFE9PQ",
        "assemblyName": "C297DD35BAA_v2_sub_g.GstPP4UCJlC1DiIMF4fY6gf4"
      }
    }
  }
}