{
  "assemblyStates": {
    "C228A91D6AD_Messages.J4aZX4y3tTB1ifM2ZfNTpU4": {
      "namespace": "UiPath.IntegrationService.Activities.SWEntities.C228A91D6AD_Messages_Create.Bundle",
      "providerName": "CustomEntities",
      "key": {
        "name": "UiPath.IntegrationService.Activities.SWEntities.C228A91D6AD_Messages_Create",
        "hash": "MlJmdWQ3OGEwaVNRSU9UcG9QMVViVW92SyttTDUvRThHcEFXUVZnb2VBU3NoRjJNQ21TenV3RkVGSVVDZ0hUekhxTjVYTUVDcjNxUThWSE9qOXhlVkE9PQ",
        "assemblyName": "C228A91D6AD_Messages.J4aZX4y3tTB1ifM2ZfNTpU4"
      }
    },
    "C297DD35BAA_v1_sub_c.ZbJrUukzKL1SSHOa1cDBPK2": {
      "namespace": "UiPath.IntegrationService.Activities.SWEntities.C297DD35BAA_v1_sub_chat_sub_completion_Create.Bundle",
      "providerName": "CustomEntities",
      "key": {
        "name": "UiPath.IntegrationService.Activities.SWEntities.C297DD35BAA_v1_sub_chat_sub_completion_Create",
        "hash": "TytOajRZSFFNZ1p3SUY5TGpMcHhkcXZaRWtCL212bGJCejFHbFFBYmQzWHM4bUZLSjBCb0FhM3hQSlZwZExQN1k3ZXlyd3UrNitnVUMrYkczd083ckE9PQ",
        "assemblyName": "C297DD35BAA_v1_sub_c.ZbJrUukzKL1SSHOa1cDBPK2"
      }
    },
    "C228A91D6AD_Calls_Cr.bYlKJ1XlazB1EuoG13Xrc6Y1": {
      "namespace": "UiPath.IntegrationService.Activities.SWEntities.C228A91D6AD_Calls_Create.Bundle",
      "providerName": "CustomEntities",
      "key": {
        "name": "UiPath.IntegrationService.Activities.SWEntities.C228A91D6AD_Calls_Create",
        "hash": "cXRQalNQOUFwL2VlWEFDMUhYQ01rb1J6ZDNNS3VRT2lNR3RuMktjU24xSVVTSEhvYnliWmJzNHNGYVJ5TG9FdnpoRzg5S0xvVlVodGRSRmljcm1mMEE9PQ",
        "assemblyName": "C228A91D6AD_Calls_Cr.bYlKJ1XlazB1EuoG13Xrc6Y1"
      }
    }
  }
}