{
  "assemblyStates": {
    "C297DD35BAA_v2_sub_g.HNU1t3mTMaP1f2O1k1QNaFW3": {
      "namespace": "UiPath.IntegrationService.Activities.SWEntities.C297DD35BAA_v2_sub_generateChatCompletion_Create.Bundle",
      "providerName": "CustomEntities",
      "key": {
        "name": "UiPath.IntegrationService.Activities.SWEntities.C297DD35BAA_v2_sub_generateChatCompletion_Create",
        "hash": "WURZQ0EydURWdHVvSVJpeXlsS2RvRGlMeDdnNncxUGI5N05EQlIzRzg5TFNBaHpJNjdvb2d2NDU4eHN2R3l6YWsxWDFodEJ3Y1BETGlmVUtSckFrRFE9PQ",
        "assemblyName": "C297DD35BAA_v2_sub_g.HNU1t3mTMaP1f2O1k1QNaFW3"
      }
    },
    "C297DD35BAA_v1_sub_c.6RMjA1JXtLL1fFBXY4joArL4": {
      "namespace": "UiPath.IntegrationService.Activities.SWEntities.C297DD35BAA_v1_sub_chat_sub_completion_Create.Bundle",
      "providerName": "CustomEntities",
      "key": {
        "name": "UiPath.IntegrationService.Activities.SWEntities.C297DD35BAA_v1_sub_chat_sub_completion_Create",
        "hash": "TytOajRZSFFNZ1p3SUY5TGpMcHhkcXZaRWtCL212bGJCejFHbFFBYmQzWHM4bUZLSjBCb0FhM3hQSlZwZExQN1k3ZXlyd3UrNitnVUMrYkczd083ckE9PQ",
        "assemblyName": "C297DD35BAA_v1_sub_c.6RMjA1JXtLL1fFBXY4joArL4"
      }
    }
  }
}