{
  "assemblyStates": {
    "C297DD35BAA_v1_sub_c.bPqeD24YBYO1k3d0YNJFrS3": {
      "namespace": "UiPath.IntegrationService.Activities.SWEntities.C297DD35BAA_v1_sub_chat_sub_completion_Create.Bundle",
      "providerName": "CustomEntities",
      "key": {
        "name": "UiPath.IntegrationService.Activities.SWEntities.C297DD35BAA_v1_sub_chat_sub_completion_Create",
        "hash": "TytOajRZSFFNZ1p3SUY5TGpMcHhkcXZaRWtCL212bGJCejFHbFFBYmQzWHM4bUZLSjBCb0FhM3hQSlZwZExQN1k3ZXlyd3UrNitnVUMrYkczd083ckE9PQ",
        "assemblyName": "C297DD35BAA_v1_sub_c.bPqeD24YBYO1k3d0YNJFrS3"
      }
    }
  }
}