{
  "assemblyStates": {
    "C297DD35BAA_v1_sub_s.hU9cC4Xo8iR1d822X3KrPWo1": {
      "namespace": "UiPath.IntegrationService.Activities.SWEntities.C297DD35BAA_v1_sub_sentimentminus_signanalysis_Create.Bundle",
      "providerName": "CustomEntities",
      "key": {
        "name": "UiPath.IntegrationService.Activities.SWEntities.C297DD35BAA_v1_sub_sentimentminus_signanalysis_Create",
        "hash": "b1U2cW5yK0pUNDl1QThlWWsrWVdjQWVyai8rbVIyV0lCM2xnMitXZTVyV01MRG41N0F0MEZrSDdOWHl4TW1YVndoUWZVV0tTYW9Kc1ZqMjJUZVNxeVE9PQ",
        "assemblyName": "C297DD35BAA_v1_sub_s.hU9cC4Xo8iR1d822X3KrPWo1"
      }
    },
    "C297DD35BAA_v1_sub_o.n3ZHY1fIakI1YvQYz32cQKI2": {
      "namespace": "UiPath.IntegrationService.Activities.SWEntities.C297DD35BAA_v1_sub_objectminus_signdetection_Create.Bundle",
      "providerName": "CustomEntities",
      "key": {
        "name": "UiPath.IntegrationService.Activities.SWEntities.C297DD35BAA_v1_sub_objectminus_signdetection_Create",
        "hash": "L21GU3FqMU41VHlWNzF6U3JYbjhGcUlIZGlSZUxISWRYQ0FpWDd3Uk51dC9tT3dZamlPNklGQmpvbDdTUjRNc2l6NVUvTE04eDFvOHVDbXR0U2pDZXc9PQ",
        "assemblyName": "C297DD35BAA_v1_sub_o.n3ZHY1fIakI1YvQYz32cQKI2"
      }
    }
  }
}