{
  "assemblyStates": {
    "C297DD35BAA_v2_sub_g.h0aXE2Xto6F119qqf2KHZ5x2": {
      "namespace": "UiPath.IntegrationService.Activities.SWEntities.C297DD35BAA_v2_sub_generateChatCompletion_Create.Bundle",
      "providerName": "CustomEntities",
      "key": {
        "name": "UiPath.IntegrationService.Activities.SWEntities.C297DD35BAA_v2_sub_generateChatCompletion_Create",
        "hash": "WURZQ0EydURWdHVvSVJpeXlsS2RvRGlMeDdnNncxUGI5N05EQlIzRzg5TFNBaHpJNjdvb2d2NDU4eHN2R3l6YWsxWDFodEJ3Y1BETGlmVUtSckFrRFE9PQ",
        "assemblyName": "C297DD35BAA_v2_sub_g.h0aXE2Xto6F119qqf2KHZ5x2"
      }
    },
    "C297DD35BAA_piiminus.rV39r2HH0MR1iIAA51D9r0s": {
      "namespace": "UiPath.IntegrationService.Activities.SWEntities.C297DD35BAA_piiminus_signdetection_Create.Bundle",
      "providerName": "CustomEntities",
      "key": {
        "name": "UiPath.IntegrationService.Activities.SWEntities.C297DD35BAA_piiminus_signdetection_Create",
        "hash": "aXBiYzVlZTF2cHpNcVRaa2JqdERCTkk2Q2liZEwrVTZIUFJFQStuNVpIZS8rTjVvODh6Y3hwWmtVRks3WGIxNWNxNlY5R01qUGprWFVENTZwUmRUa1E9PQ",
        "assemblyName": "C297DD35BAA_piiminus.rV39r2HH0MR1iIAA51D9r0s"
      }
    }
  }
}