{
  "assemblyStates": {
    "C297DD35BAA_v1_sub_c.s8jhW18KKCN1LAkW91G0VsV3": {
      "namespace": "UiPath.IntegrationService.Activities.SWEntities.C297DD35BAA_v1_sub_chat_sub_completion_Create.Bundle",
      "providerName": "CustomEntities",
      "key": {
        "name": "UiPath.IntegrationService.Activities.SWEntities.C297DD35BAA_v1_sub_chat_sub_completion_Create",
        "hash": "TytOajRZSFFNZ1p3SUY5TGpMcHhkcXZaRWtCL212bGJCejFHbFFBYmQzWHM4bUZLSjBCb0FhM3hQSlZwZExQN1k3ZXlyd3UrNitnVUMrYkczd083ckE9PQ",
        "assemblyName": "C297DD35BAA_v1_sub_c.s8jhW18KKCN1LAkW91G0VsV3"
      }
    },
    "C228A91D6AD_Messages.Lx8OX1EubLG11oh6X1wMXCl": {
      "namespace": "UiPath.IntegrationService.Activities.SWEntities.C228A91D6AD_Messages_Create.Bundle",
      "providerName": "CustomEntities",
      "key": {
        "name": "UiPath.IntegrationService.Activities.SWEntities.C228A91D6AD_Messages_Create",
        "hash": "MlJmdWQ3OGEwaVNRSU9UcG9QMVViVW92SyttTDUvRThHcEFXUVZnb2VBU3NoRjJNQ21TenV3RkVGSVVDZ0hUekhxTjVYTUVDcjNxUThWSE9qOXhlVkE9PQ",
        "assemblyName": "C228A91D6AD_Messages.Lx8OX1EubLG11oh6X1wMXCl"
      }
    }
  }
}