{
  "Workflows": [
    {
      "Path": null,
      "SortBy": 0,
      "VariablesSectionElementsOrder": [],
      "ArgumentsSectionElementsOrder": null,
      "ConstantsSectionElementsOrder": [],
      "AddedNamespaces": null
    },
    {
      "Path": "Main.xaml",
      "SortBy": 0,
      "VariablesSectionElementsOrder": [
        "piscesmsg&Sequence_15",
        "geminimsg&Sequence_15",
        "virgomsg&Sequence_15",
        "libramsg&Sequence_15",
        "scorpiomsg&Sequence_15",
        "aquarius&Sequence_14",
        "geminimsg&Sequence_14",
        "virgomsg&Sequence_14",
        "libramsg&Sequence_14",
        "scorpiomsg&Sequence_14",
        "capricornmsg&Sequence_13",
        "geminimsg&Sequence_13",
        "virgomsg&Sequence_13",
        "libramsg&Sequence_13",
        "scorpiomsg&Sequence_13",
        "sagittarusmsg&Sequence_12",
        "geminimsg&Sequence_12",
        "virgomsg&Sequence_12",
        "libramsg&Sequence_12",
        "scorpiomsg&Sequence_12",
        "scorpiomsg&Sequence_11",
        "geminimsg&Sequence_11",
        "virgomsg&Sequence_11",
        "libramsg&Sequence_11",
        "libramsg&Sequence_10",
        "geminimsg&Sequence_10",
        "virgomsg&Sequence_10",
        "virgomsg&Sequence_9",
        "geminimsg&Sequence_9",
        "leomsg&Sequence_8",
        "geminimsg&Sequence_7",
        "taurusmsg&Sequence_6",
        "cancermsg&Sequence_6",
        "cancermsg&Sequence_5",
        "ariesmsg&Sequence_4",
        "userHoroscope&Sequence_2"
      ],
      "ArgumentsSectionElementsOrder": [],
      "ConstantsSectionElementsOrder": [],
      "AddedNamespaces": null
    }
  ]
}